crm_account_id,message_date,answer_date,responder_id,ticket_type
960,"Wednesday, November 13, 2019","Wednesday, November 13, 2019",46,سوال کلی تبلیغ‌کننده
18214,"Tuesday, November 12, 2019","Wednesday, November 13, 2019",46,درخواست بررسی حساب مسدود
17932,"Tuesday, November 12, 2019","Wednesday, November 13, 2019",8,گزارش مشکل در پنل تبلیغ‌کننده
19203,"Tuesday, November 12, 2019","Wednesday, November 13, 2019",46,سوال کلی تبلیغ‌کننده
11622,"Tuesday, November 12, 2019","Tuesday, November 12, 2019",9,سوال کلی تبلیغ‌کننده
19136,"Tuesday, November 12, 2019","Tuesday, November 12, 2019",9,سوال و مشکل فنی در مورد کمپین‌ها 
3042,"Tuesday, November 12, 2019","Tuesday, November 12, 2019",46,سوال کلی تبلیغ‌کننده
12813,"Tuesday, November 12, 2019","Tuesday, November 12, 2019",8,سوال و مشکل فنی در مورد کمپین‌ها 
14334,"Tuesday, November 12, 2019","Tuesday, November 12, 2019",8,سوال کلی تبلیغ‌کننده
19224,"Tuesday, November 12, 2019","Tuesday, November 12, 2019",8,سوال کلی تبلیغ‌کننده
16008,"Tuesday, November 12, 2019","Tuesday, November 12, 2019",8,سوال و مشکل فنی در مورد کمپین‌ها 
7232,"Tuesday, November 12, 2019","Tuesday, November 12, 2019",8,مالی و صدور فاکتور
10210,"Tuesday, November 12, 2019","Tuesday, November 12, 2019",46,مالی و صدور فاکتور
18771,"Tuesday, November 12, 2019","Tuesday, November 12, 2019",8,سوال کلی تبلیغ‌کننده
10991,"Monday, November 11, 2019","Tuesday, November 12, 2019",8,سوال کلی تبلیغ‌کننده
19213,"Tuesday, November 12, 2019","Tuesday, November 12, 2019",46,سوال و مشکل فنی در مورد کمپین‌ها 
10264,"Sunday, November 10, 2019","Tuesday, November 12, 2019",8,سوال کلی تبلیغ‌کننده
17816,"Monday, November 11, 2019","Tuesday, November 12, 2019",8,سوال کلی تبلیغ‌کننده
19026,"Tuesday, November 12, 2019","Tuesday, November 12, 2019",8,سوال کلی تبلیغ‌کننده
17368,"Monday, November 11, 2019","Tuesday, November 12, 2019",46,سوال کلی تبلیغ‌کننده
10991,"Monday, November 11, 2019","Monday, November 11, 2019",8,گزارش مشکل در پنل تبلیغ‌کننده
11166,"Monday, November 11, 2019","Monday, November 11, 2019",8,سوال کلی تبلیغ‌کننده
18828,"Monday, November 11, 2019","Monday, November 11, 2019",46,سوال کلی تبلیغ‌کننده
19136,"Monday, November 11, 2019","Monday, November 11, 2019",9,درخواست تایید کمپین‌ 
19130,"Monday, November 11, 2019","Monday, November 11, 2019",9,سوال کلی تبلیغ‌کننده
11392,"Sunday, November 10, 2019","Monday, November 11, 2019",9,سوال کلی تبلیغ‌کننده
16719,"Monday, November 11, 2019","Monday, November 11, 2019",9,سوال کلی تبلیغ‌کننده
3042,"Sunday, November 10, 2019","Monday, November 11, 2019",46,مالی و صدور فاکتور
13438,"Monday, November 11, 2019","Monday, November 11, 2019",46,سوال کلی تبلیغ‌کننده
18398,"Monday, November 11, 2019","Monday, November 11, 2019",9,مالی و صدور فاکتور
19141,"Sunday, November 10, 2019","Monday, November 11, 2019",9,سوال کلی تبلیغ‌کننده
1473,"Sunday, November 10, 2019","Monday, November 11, 2019",9,سوال کلی تبلیغ‌کننده
9831,"Sunday, November 10, 2019","Monday, November 11, 2019",9,سوال کلی تبلیغ‌کننده
4242,"Sunday, November 10, 2019","Sunday, November 10, 2019",8,سوال کلی تبلیغ‌کننده
18197,"Sunday, November 10, 2019","Sunday, November 10, 2019",8,سوال کلی تبلیغ‌کننده
19128,"Sunday, November 10, 2019","Sunday, November 10, 2019",46,سوال کلی تبلیغ‌کننده
16811,"Sunday, November 10, 2019","Sunday, November 10, 2019",8,سوال و مشکل فنی در مورد کمپین‌ها 
19026,"Sunday, November 10, 2019","Sunday, November 10, 2019",8,سوال کلی تبلیغ‌کننده
7790,"Sunday, November 10, 2019","Sunday, November 10, 2019",8,مالی و صدور فاکتور
18387,"Sunday, November 10, 2019","Sunday, November 10, 2019",46,سوال کلی تبلیغ‌کننده
15752,"Sunday, November 10, 2019","Sunday, November 10, 2019",8,سوال و مشکل فنی در مورد کمپین‌ها 
17839,"Saturday, November 9, 2019","Sunday, November 10, 2019",46,سوال کلی تبلیغ‌کننده
1992,"Saturday, November 9, 2019","Saturday, November 9, 2019",8,مالی و صدور فاکتور
1992,"Saturday, November 9, 2019","Saturday, November 9, 2019",8,مالی و صدور فاکتور
1992,"Saturday, November 9, 2019","Saturday, November 9, 2019",8,گزارش مشکل در پنل تبلیغ‌کننده
1992,"Saturday, November 9, 2019","Saturday, November 9, 2019",8,مالی و صدور فاکتور
14827,"Saturday, November 9, 2019","Saturday, November 9, 2019",8,سوال کلی تبلیغ‌کننده
19082,"Saturday, November 9, 2019","Saturday, November 9, 2019",8,سوال کلی تبلیغ‌کننده
19089,"Saturday, November 9, 2019","Saturday, November 9, 2019",9,سوال کلی تبلیغ‌کننده
5564,"Saturday, November 9, 2019","Saturday, November 9, 2019",9,سوال کلی تبلیغ‌کننده
17839,"Saturday, November 9, 2019","Saturday, November 9, 2019",46,سوال کلی تبلیغ‌کننده
19048,"Saturday, November 9, 2019","Saturday, November 9, 2019",46,سوال کلی تبلیغ‌کننده
17924,"Saturday, November 9, 2019","Saturday, November 9, 2019",46,سوال و مشکل فنی در مورد کمپین‌ها 
17325,"Saturday, November 9, 2019","Saturday, November 9, 2019",9,مالی و صدور فاکتور
18482,"Saturday, November 9, 2019","Saturday, November 9, 2019",46,سوال کلی تبلیغ‌کننده
11686,"Saturday, November 9, 2019","Saturday, November 9, 2019",9,سوال و مشکل فنی در مورد کمپین‌ها 
12671,"Saturday, November 9, 2019","Saturday, November 9, 2019",46,سوال کلی تبلیغ‌کننده
7669,"Friday, November 8, 2019","Saturday, November 9, 2019",9,گزارش مشکل در پنل تبلیغ‌کننده
18922,"Friday, November 8, 2019","Saturday, November 9, 2019",9,درخواست تایید کمپین‌ 
8532,"Thursday, November 7, 2019","Saturday, November 9, 2019",9,سوال کلی تبلیغ‌کننده
18109,"Saturday, November 9, 2019","Saturday, November 9, 2019",46,سوال کلی تبلیغ‌کننده
19021,"Friday, November 8, 2019","Friday, November 8, 2019",8,سوال کلی تبلیغ‌کننده
1758,"Thursday, November 7, 2019","Thursday, November 7, 2019",46,سوال کلی تبلیغ‌کننده
4883,"Thursday, November 7, 2019","Thursday, November 7, 2019",8,سوال کلی تبلیغ‌کننده
4883,"Thursday, November 7, 2019","Thursday, November 7, 2019",8,سوال کلی تبلیغ‌کننده
10881,"Thursday, November 7, 2019","Thursday, November 7, 2019",8,مالی و صدور فاکتور
7282,"Thursday, November 7, 2019","Thursday, November 7, 2019",9,مالی و صدور فاکتور
18975,"Thursday, November 7, 2019","Thursday, November 7, 2019",9,سوال کلی تبلیغ‌کننده
18303,"Wednesday, November 6, 2019","Wednesday, November 6, 2019",9,گزارش مشکل در پنل تبلیغ‌کننده
15752,"Tuesday, November 5, 2019","Wednesday, November 6, 2019",8,گزارش مشکل در پنل تبلیغ‌کننده
3370,"Tuesday, November 5, 2019","Tuesday, November 5, 2019",8,گزارش مشکل در پنل تبلیغ‌کننده
275,"Tuesday, November 5, 2019","Tuesday, November 5, 2019",8,مالی و صدور فاکتور
18896,"Tuesday, November 5, 2019","Tuesday, November 5, 2019",46,درخواست بررسی حساب مسدود
17924,"Tuesday, November 5, 2019","Tuesday, November 5, 2019",46,سوال کلی تبلیغ‌کننده
18387,"Tuesday, November 5, 2019","Tuesday, November 5, 2019",8,سوال و مشکل فنی در مورد کمپین‌ها 
6083,"Tuesday, November 5, 2019","Tuesday, November 5, 2019",46,سوال کلی تبلیغ‌کننده
18896,"Tuesday, November 5, 2019","Tuesday, November 5, 2019",8,سوال و مشکل فنی در مورد کمپین‌ها 
17924,"Tuesday, November 5, 2019","Tuesday, November 5, 2019",46,سوال و مشکل فنی در مورد کمپین‌ها 
18387,"Tuesday, November 5, 2019","Tuesday, November 5, 2019",8,سوال و مشکل فنی در مورد کمپین‌ها 
12644,"Tuesday, November 5, 2019","Tuesday, November 5, 2019",46,سوال کلی تبلیغ‌کننده
17383,"Tuesday, November 5, 2019","Tuesday, November 5, 2019",9,سوال کلی تبلیغ‌کننده
17383,"Tuesday, November 5, 2019","Tuesday, November 5, 2019",9,سوال کلی تبلیغ‌کننده
17523,"Monday, November 4, 2019","Tuesday, November 5, 2019",8,سوال و مشکل فنی در مورد کمپین‌ها 
17091,"Monday, November 4, 2019","Tuesday, November 5, 2019",8,گزارش مشکل در پنل تبلیغ‌کننده
18566,"Monday, November 4, 2019","Tuesday, November 5, 2019",8,گزارش مشکل در پنل تبلیغ‌کننده
11118,"Monday, November 4, 2019","Tuesday, November 5, 2019",8,درخواست تایید کمپین‌ 
17658,"Monday, November 4, 2019","Monday, November 4, 2019",9,سوال کلی تبلیغ‌کننده
17806,"Monday, November 4, 2019","Monday, November 4, 2019",9,سوال کلی تبلیغ‌کننده
18246,"Monday, November 4, 2019","Monday, November 4, 2019",46,درخواست تایید کمپین‌ 
12540,"Monday, November 4, 2019","Monday, November 4, 2019",9,سوال و مشکل فنی در مورد کمپین‌ها 
17889,"Monday, November 4, 2019","Monday, November 4, 2019",9,سوال و مشکل فنی در مورد کمپین‌ها 
17889,"Monday, November 4, 2019","Monday, November 4, 2019",9,سوال و مشکل فنی در مورد کمپین‌ها 
16228,"Monday, November 4, 2019","Monday, November 4, 2019",46,درخواست تایید کمپین‌ 
16811,"Monday, November 4, 2019","Monday, November 4, 2019",8,سوال و مشکل فنی در مورد کمپین‌ها 
17569,"Monday, November 4, 2019","Monday, November 4, 2019",9,سوال و مشکل فنی در مورد کمپین‌ها 
11495,"Monday, November 4, 2019","Monday, November 4, 2019",9,گزارش مشکل در پنل تبلیغ‌کننده
3190,"Sunday, November 3, 2019","Monday, November 4, 2019",9,سوال و مشکل فنی در مورد کمپین‌ها 
11495,"Sunday, November 3, 2019","Monday, November 4, 2019",9,سوال کلی تبلیغ‌کننده
9831,"Sunday, November 3, 2019","Monday, November 4, 2019",9,سوال کلی تبلیغ‌کننده
5235,"Sunday, November 3, 2019","Sunday, November 3, 2019",46,گزارش مشکل در پنل تبلیغ‌کننده
5235,"Sunday, November 3, 2019","Sunday, November 3, 2019",46,گزارش مشکل در پنل تبلیغ‌کننده
14833,"Sunday, November 3, 2019","Sunday, November 3, 2019",8,درخواست تایید کمپین‌ 
14698,"Sunday, November 3, 2019","Sunday, November 3, 2019",8,سوال کلی تبلیغ‌کننده
13804,"Sunday, November 3, 2019","Sunday, November 3, 2019",46,گزارش مشکل در پنل تبلیغ‌کننده
18767,"Sunday, November 3, 2019","Sunday, November 3, 2019",8,سوال کلی تبلیغ‌کننده
5347,"Sunday, November 3, 2019","Sunday, November 3, 2019",8,مالی و صدور فاکتور
5347,"Sunday, November 3, 2019","Sunday, November 3, 2019",46,درخواست بررسی حساب مسدود
10210,"Sunday, November 3, 2019","Sunday, November 3, 2019",46,مالی و صدور فاکتور
7232,"Sunday, November 3, 2019","Sunday, November 3, 2019",8,مالی و صدور فاکتور
18672,"Sunday, November 3, 2019","Sunday, November 3, 2019",8,سوال کلی تبلیغ‌کننده
12251,"Sunday, November 3, 2019","Sunday, November 3, 2019",46,سوال و مشکل فنی در مورد کمپین‌ها 
10537,"Sunday, November 3, 2019","Sunday, November 3, 2019",46,درخواست بررسی حساب مسدود
7749,"Sunday, November 3, 2019","Sunday, November 3, 2019",46,گزارش مشکل در پنل تبلیغ‌کننده
15993,"Saturday, November 2, 2019","Sunday, November 3, 2019",8,سوال کلی تبلیغ‌کننده
13421,"Sunday, November 3, 2019","Sunday, November 3, 2019",8,سوال کلی تبلیغ‌کننده
7749,"Sunday, November 3, 2019","Sunday, November 3, 2019",46,گزارش مشکل در پنل تبلیغ‌کننده
18718,"Sunday, November 3, 2019","Sunday, November 3, 2019",46,سوال و مشکل فنی در مورد کمپین‌ها 
3140,"Sunday, November 3, 2019","Sunday, November 3, 2019",8,مالی و صدور فاکتور
12325,"Saturday, November 2, 2019","Sunday, November 3, 2019",8,مالی و صدور فاکتور
17142,"Sunday, November 3, 2019","Sunday, November 3, 2019",8,درخواست بررسی حساب مسدود
8971,"Saturday, November 2, 2019","Sunday, November 3, 2019",46,سوال کلی تبلیغ‌کننده
18672,"Sunday, November 3, 2019","Sunday, November 3, 2019",8,سوال کلی تبلیغ‌کننده
13723,"Sunday, November 3, 2019","Sunday, November 3, 2019",9,سوال کلی تبلیغ‌کننده
6123,"Saturday, November 2, 2019","Sunday, November 3, 2019",9,سوال کلی تبلیغ‌کننده
18313,"Saturday, November 2, 2019","Saturday, November 2, 2019",8,گزارش مشکل در پنل تبلیغ‌کننده
6123,"Saturday, November 2, 2019","Saturday, November 2, 2019",9,سوال کلی تبلیغ‌کننده
14698,"Thursday, October 31, 2019","Saturday, November 2, 2019",9,سوال کلی تبلیغ‌کننده
18467,"Saturday, November 2, 2019","Saturday, November 2, 2019",46,گزارش مشکل در پنل تبلیغ‌کننده
9155,"Saturday, November 2, 2019","Saturday, November 2, 2019",9,سوال و مشکل فنی در مورد کمپین‌ها 
7591,"Friday, November 1, 2019","Saturday, November 2, 2019",46,درخواست تایید کمپین‌ 
15121,"Saturday, November 2, 2019","Saturday, November 2, 2019",9,سوال و مشکل فنی در مورد کمپین‌ها 
16769,"Saturday, November 2, 2019","Saturday, November 2, 2019",9,مالی و صدور فاکتور
18600,"Friday, November 1, 2019","Friday, November 1, 2019",9,سوال و مشکل فنی در مورد کمپین‌ها 
6123,"Thursday, October 31, 2019","Friday, November 1, 2019",9,سوال و مشکل فنی در مورد کمپین‌ها 
13489,"Thursday, October 31, 2019","Friday, November 1, 2019",46,سوال کلی تبلیغ‌کننده
18597,"Thursday, October 31, 2019","Friday, November 1, 2019",46,سوال کلی تبلیغ‌کننده
18273,"Friday, November 1, 2019","Friday, November 1, 2019",46,سوال و مشکل فنی در مورد کمپین‌ها 
15121,"Thursday, October 31, 2019","Thursday, October 31, 2019",9,سوال و مشکل فنی در مورد کمپین‌ها 
18583,"Thursday, October 31, 2019","Thursday, October 31, 2019",9,سوال و مشکل فنی در مورد کمپین‌ها 
18583,"Thursday, October 31, 2019","Thursday, October 31, 2019",9,سوال کلی تبلیغ‌کننده
18597,"Thursday, October 31, 2019","Thursday, October 31, 2019",46,سوال کلی تبلیغ‌کننده
14698,"Wednesday, October 30, 2019","Thursday, October 31, 2019",8,سوال کلی تبلیغ‌کننده
14698,"Wednesday, October 30, 2019","Thursday, October 31, 2019",8,سوال کلی تبلیغ‌کننده
174,"Wednesday, October 30, 2019","Wednesday, October 30, 2019",9,مالی و صدور فاکتور
18368,"Wednesday, October 30, 2019","Wednesday, October 30, 2019",8,سوال کلی تبلیغ‌کننده
12325,"Wednesday, October 30, 2019","Wednesday, October 30, 2019",8,سوال کلی تبلیغ‌کننده
17155,"Wednesday, October 30, 2019","Wednesday, October 30, 2019",8,گزارش مشکل در پنل تبلیغ‌کننده
11495,"Wednesday, October 30, 2019","Wednesday, October 30, 2019",9,گزارش مشکل در پنل تبلیغ‌کننده
18273,"Tuesday, October 29, 2019","Wednesday, October 30, 2019",46,سوال کلی تبلیغ‌کننده
16251,"Tuesday, October 29, 2019","Wednesday, October 30, 2019",9,سوال کلی تبلیغ‌کننده
300,"Tuesday, October 29, 2019","Wednesday, October 30, 2019",8,سوال و مشکل فنی در مورد کمپین‌ها 
18398,"Tuesday, October 29, 2019","Tuesday, October 29, 2019",9,گزارش مشکل در پنل تبلیغ‌کننده
3265,"Tuesday, October 29, 2019","Tuesday, October 29, 2019",9,سوال کلی تبلیغ‌کننده
17753,"Monday, October 28, 2019","Monday, October 28, 2019",9,سوال و مشکل فنی در مورد کمپین‌ها 
10879,"Monday, October 28, 2019","Monday, October 28, 2019",46,گزارش مشکل در پنل تبلیغ‌کننده
18462,"Monday, October 28, 2019","Monday, October 28, 2019",8,سوال و مشکل فنی در مورد کمپین‌ها 
10818,"Monday, October 28, 2019","Monday, October 28, 2019",46,درخواست تایید کمپین‌ 
16968,"Monday, October 28, 2019","Monday, October 28, 2019",8,گزارش مشکل در پنل تبلیغ‌کننده
16968,"Monday, October 28, 2019","Monday, October 28, 2019",8,سوال و مشکل فنی در مورد کمپین‌ها 
16968,"Monday, October 28, 2019","Monday, October 28, 2019",8,سوال و مشکل فنی در مورد کمپین‌ها 
3784,"Monday, October 28, 2019","Monday, October 28, 2019",8,مالی و صدور فاکتور
17172,"Monday, October 28, 2019","Monday, October 28, 2019",8,سوال کلی تبلیغ‌کننده
16444,"Monday, October 28, 2019","Monday, October 28, 2019",8,سوال و مشکل فنی در مورد کمپین‌ها 
3776,"Sunday, October 27, 2019","Monday, October 28, 2019",46,سوال و مشکل فنی در مورد کمپین‌ها 
17724,"Sunday, October 27, 2019","Monday, October 28, 2019",46,سوال کلی تبلیغ‌کننده
17366,"Sunday, October 27, 2019","Monday, October 28, 2019",8,سوال کلی تبلیغ‌کننده
17261,"Sunday, October 27, 2019","Sunday, October 27, 2019",9,سوال کلی تبلیغ‌کننده
16324,"Saturday, October 26, 2019","Sunday, October 27, 2019",9,گزارش مشکل در پنل تبلیغ‌کننده
16251,"Saturday, October 26, 2019","Sunday, October 27, 2019",9,سوال کلی تبلیغ‌کننده
10759,"Saturday, October 26, 2019","Sunday, October 27, 2019",8,سوال کلی تبلیغ‌کننده
6878,"Saturday, October 26, 2019","Saturday, October 26, 2019",46,مالی و صدور فاکتور
7749,"Saturday, October 26, 2019","Saturday, October 26, 2019",46,سوال و مشکل فنی در مورد کمپین‌ها 
14935,"Saturday, October 26, 2019","Saturday, October 26, 2019",46,مالی و صدور فاکتور
16324,"Saturday, October 26, 2019","Saturday, October 26, 2019",9,مالی و صدور فاکتور
13773,"Wednesday, October 23, 2019","Saturday, October 26, 2019",9,سوال و مشکل فنی در مورد کمپین‌ها 
6783,"Thursday, October 24, 2019","Saturday, October 26, 2019",46,درخواست تایید کمپین‌ 
658,"Saturday, October 26, 2019","Saturday, October 26, 2019",46,سوال کلی تبلیغ‌کننده
3693,"Friday, October 25, 2019","Saturday, October 26, 2019",9,سوال کلی تبلیغ‌کننده
16587,"Friday, October 25, 2019","Saturday, October 26, 2019",9,سوال کلی تبلیغ‌کننده
5903,"Friday, October 25, 2019","Saturday, October 26, 2019",8,سوال کلی تبلیغ‌کننده
5903,"Friday, October 25, 2019","Friday, October 25, 2019",8,سوال کلی تبلیغ‌کننده
17765,"Friday, October 25, 2019","Friday, October 25, 2019",8,سوال کلی تبلیغ‌کننده
18313,"Friday, October 25, 2019","Friday, October 25, 2019",8,سوال و مشکل فنی در مورد کمپین‌ها 
18323,"Thursday, October 24, 2019","Thursday, October 24, 2019",9,سوال کلی تبلیغ‌کننده
17890,"Thursday, October 24, 2019","Thursday, October 24, 2019",46,سوال کلی تبلیغ‌کننده
18318,"Thursday, October 24, 2019","Thursday, October 24, 2019",46,سوال کلی تبلیغ‌کننده
18303,"Wednesday, October 23, 2019","Thursday, October 24, 2019",9,سوال کلی تبلیغ‌کننده
2367,"Wednesday, October 23, 2019","Thursday, October 24, 2019",9,گزارش مشکل در پنل تبلیغ‌کننده
16587,"Wednesday, October 23, 2019","Thursday, October 24, 2019",9,سوال کلی تبلیغ‌کننده
16251,"Thursday, October 24, 2019","Thursday, October 24, 2019",9,سوال کلی تبلیغ‌کننده
427,"Tuesday, October 22, 2019","Thursday, October 24, 2019",9,مالی و صدور فاکتور
17172,"Thursday, October 24, 2019","Thursday, October 24, 2019",8,سوال کلی تبلیغ‌کننده
16008,"Wednesday, October 23, 2019","Wednesday, October 23, 2019",8,سوال و مشکل فنی در مورد کمپین‌ها 
3784,"Wednesday, October 23, 2019","Wednesday, October 23, 2019",8,مالی و صدور فاکتور
8840,"Wednesday, October 23, 2019","Wednesday, October 23, 2019",8,سوال و مشکل فنی در مورد کمپین‌ها 
12671,"Wednesday, October 23, 2019","Wednesday, October 23, 2019",46,مالی و صدور فاکتور
14682,"Wednesday, October 23, 2019","Wednesday, October 23, 2019",8,گزارش مشکل در پنل تبلیغ‌کننده
15121,"Monday, October 21, 2019","Tuesday, October 22, 2019",9,سوال و مشکل فنی در مورد کمپین‌ها 
18250,"Tuesday, October 22, 2019","Tuesday, October 22, 2019",8,مالی و صدور فاکتور
18240,"Tuesday, October 22, 2019","Tuesday, October 22, 2019",8,سوال کلی تبلیغ‌کننده
17447,"Tuesday, October 22, 2019","Tuesday, October 22, 2019",46,سوال و مشکل فنی در مورد کمپین‌ها 
16769,"Tuesday, October 22, 2019","Tuesday, October 22, 2019",9,سوال و مشکل فنی در مورد کمپین‌ها 
2958,"Monday, October 21, 2019","Tuesday, October 22, 2019",46,سوال کلی تبلیغ‌کننده
9116,"Tuesday, October 22, 2019","Tuesday, October 22, 2019",46,سوال و مشکل فنی در مورد کمپین‌ها 
3786,"Tuesday, October 22, 2019","Tuesday, October 22, 2019",46,مالی و صدور فاکتور
2958,"Monday, October 21, 2019","Tuesday, October 22, 2019",46,سوال کلی تبلیغ‌کننده
2958,"Monday, October 21, 2019","Tuesday, October 22, 2019",46,سوال کلی تبلیغ‌کننده
17822,"Saturday, October 19, 2019","Tuesday, October 22, 2019",46,سوال کلی تبلیغ‌کننده
11495,"Monday, October 21, 2019","Monday, October 21, 2019",9,گزارش مشکل در پنل تبلیغ‌کننده
5903,"Sunday, October 20, 2019","Monday, October 21, 2019",8,گزارش مشکل در پنل تبلیغ‌کننده
17889,"Monday, October 21, 2019","Monday, October 21, 2019",9,گزارش مشکل در پنل تبلیغ‌کننده
15493,"Monday, October 21, 2019","Monday, October 21, 2019",8,سوال کلی تبلیغ‌کننده
5550,"Sunday, October 20, 2019","Monday, October 21, 2019",9,سوال کلی تبلیغ‌کننده
5903,"Sunday, October 20, 2019","Sunday, October 20, 2019",8,سوال کلی تبلیغ‌کننده
1319,"Sunday, October 20, 2019","Sunday, October 20, 2019",8,مالی و صدور فاکتور
3412,"Sunday, October 20, 2019","Sunday, October 20, 2019",8,گزارش مشکل در پنل تبلیغ‌کننده
12882,"Sunday, October 20, 2019","Sunday, October 20, 2019",8,مالی و صدور فاکتور
16752,"Saturday, October 19, 2019","Sunday, October 20, 2019",8,گزارش مشکل در پنل تبلیغ‌کننده
11495,"Friday, October 18, 2019","Sunday, October 20, 2019",8,گزارش مشکل در پنل تبلیغ‌کننده
7282,"Thursday, October 17, 2019","Sunday, October 20, 2019",8,مالی و صدور فاکتور
17962,"Saturday, October 19, 2019","Sunday, October 20, 2019",8,سوال کلی تبلیغ‌کننده
14629,"Saturday, October 19, 2019","Saturday, October 19, 2019",8,سوال کلی تبلیغ‌کننده
11495,"Saturday, October 19, 2019","Saturday, October 19, 2019",8,گزارش مشکل در پنل تبلیغ‌کننده
3032,"Friday, October 18, 2019","Friday, October 18, 2019",8,سوال کلی تبلیغ‌کننده
17816,"Friday, October 18, 2019","Friday, October 18, 2019",8,سوال کلی تبلیغ‌کننده
17374,"Friday, October 18, 2019","Friday, October 18, 2019",8,سوال کلی تبلیغ‌کننده
18043,"Thursday, October 17, 2019","Friday, October 18, 2019",8,سوال کلی تبلیغ‌کننده
1629,"Thursday, October 17, 2019","Thursday, October 17, 2019",8,گزارش مشکل در پنل تبلیغ‌کننده
7868,"Thursday, October 17, 2019","Thursday, October 17, 2019",8,مالی و صدور فاکتور
18024,"Thursday, October 17, 2019","Thursday, October 17, 2019",8,سوال کلی تبلیغ‌کننده
18024,"Thursday, October 17, 2019","Thursday, October 17, 2019",8,سوال کلی تبلیغ‌کننده
15727,"Thursday, October 17, 2019","Thursday, October 17, 2019",8,سوال کلی تبلیغ‌کننده
5550,"Wednesday, October 16, 2019","Thursday, October 17, 2019",8,سوال کلی تبلیغ‌کننده
17961,"Tuesday, October 15, 2019","Wednesday, October 16, 2019",8,سوال کلی تبلیغ‌کننده
17383,"Wednesday, October 16, 2019","Wednesday, October 16, 2019",8,سوال و مشکل فنی در مورد کمپین‌ها 
15924,"Wednesday, October 16, 2019","Wednesday, October 16, 2019",8,سوال کلی تبلیغ‌کننده
17975,"Wednesday, October 16, 2019","Wednesday, October 16, 2019",8,سوال و مشکل فنی در مورد کمپین‌ها 
3925,"Wednesday, October 16, 2019","Wednesday, October 16, 2019",8,گزارش مشکل در پنل تبلیغ‌کننده
17975,"Wednesday, October 16, 2019","Wednesday, October 16, 2019",8,سوال کلی تبلیغ‌کننده
8669,"Wednesday, October 16, 2019","Wednesday, October 16, 2019",8,سوال کلی تبلیغ‌کننده
8669,"Wednesday, October 16, 2019","Wednesday, October 16, 2019",8,سوال کلی تبلیغ‌کننده
8532,"Wednesday, October 16, 2019","Wednesday, October 16, 2019",8,سوال کلی تبلیغ‌کننده
17894,"Wednesday, October 16, 2019","Wednesday, October 16, 2019",8,سوال کلی تبلیغ‌کننده
17924,"Tuesday, October 15, 2019","Wednesday, October 16, 2019",11,سوال کلی تبلیغ‌کننده
17867,"Monday, October 14, 2019","Wednesday, October 16, 2019",11,گزارش مشکل در پنل تبلیغ‌کننده
17734,"Wednesday, October 16, 2019","Wednesday, October 16, 2019",8,سوال کلی تبلیغ‌کننده
8669,"Tuesday, October 15, 2019","Wednesday, October 16, 2019",8,سوال کلی تبلیغ‌کننده
8630,"Tuesday, October 15, 2019","Tuesday, October 15, 2019",8,سوال و مشکل فنی در مورد کمپین‌ها 
17247,"Tuesday, October 15, 2019","Tuesday, October 15, 2019",8,سوال و مشکل فنی در مورد کمپین‌ها 
13990,"Tuesday, October 15, 2019","Tuesday, October 15, 2019",8,گزارش مشکل در پنل تبلیغ‌کننده
6291,"Monday, October 14, 2019","Tuesday, October 15, 2019",8,سوال کلی تبلیغ‌کننده
17247,"Monday, October 14, 2019","Tuesday, October 15, 2019",8,گزارش مشکل در پنل تبلیغ‌کننده
5493,"Monday, October 14, 2019","Tuesday, October 15, 2019",8,سوال کلی تبلیغ‌کننده
17545,"Monday, October 14, 2019","Monday, October 14, 2019",8,مالی و صدور فاکتور
12325,"Monday, October 14, 2019","Monday, October 14, 2019",8,سوال کلی تبلیغ‌کننده
17889,"Monday, October 14, 2019","Monday, October 14, 2019",8,سوال کلی تبلیغ‌کننده
12325,"Monday, October 14, 2019","Monday, October 14, 2019",8,سوال کلی تبلیغ‌کننده
474,"Monday, October 14, 2019","Monday, October 14, 2019",8,سوال کلی تبلیغ‌کننده
17871,"Monday, October 14, 2019","Monday, October 14, 2019",8,مالی و صدور فاکتور
17871,"Monday, October 14, 2019","Monday, October 14, 2019",8,مالی و صدور فاکتور
8532,"Monday, October 14, 2019","Monday, October 14, 2019",8,سوال کلی تبلیغ‌کننده
17676,"Monday, October 14, 2019","Monday, October 14, 2019",8,سوال کلی تبلیغ‌کننده
2367,"Monday, October 14, 2019","Monday, October 14, 2019",8,سوال کلی تبلیغ‌کننده
12325,"Monday, October 14, 2019","Monday, October 14, 2019",8,مالی و صدور فاکتور
17198,"Monday, October 14, 2019","Monday, October 14, 2019",8,سوال کلی تبلیغ‌کننده
769,"Saturday, October 12, 2019","Sunday, October 13, 2019",8,سوال کلی تبلیغ‌کننده
17841,"Sunday, October 13, 2019","Sunday, October 13, 2019",8,گزارش مشکل در پنل تبلیغ‌کننده
12314,"Sunday, October 13, 2019","Sunday, October 13, 2019",8,سوال کلی تبلیغ‌کننده
1255,"Sunday, October 13, 2019","Sunday, October 13, 2019",8,گزارش مشکل در پنل تبلیغ‌کننده
17198,"Sunday, October 13, 2019","Sunday, October 13, 2019",8,سوال کلی تبلیغ‌کننده
12314,"Sunday, October 13, 2019","Sunday, October 13, 2019",8,سوال کلی تبلیغ‌کننده
1568,"Sunday, October 13, 2019","Sunday, October 13, 2019",8,مالی و صدور فاکتور
2471,"Sunday, October 13, 2019","Sunday, October 13, 2019",8,سوال کلی تبلیغ‌کننده
17806,"Sunday, October 13, 2019","Sunday, October 13, 2019",8,سوال کلی تبلیغ‌کننده
17782,"Sunday, October 13, 2019","Sunday, October 13, 2019",8,سوال کلی تبلیغ‌کننده
1319,"Sunday, October 13, 2019","Sunday, October 13, 2019",8,مالی و صدور فاکتور
9229,"Friday, October 11, 2019","Sunday, October 13, 2019",8,سوال و مشکل فنی در مورد کمپین‌ها 
9349,"Saturday, October 12, 2019","Sunday, October 13, 2019",8,سوال کلی تبلیغ‌کننده
341,"Saturday, October 12, 2019","Saturday, October 12, 2019",8,مالی و صدور فاکتور
17752,"Saturday, October 12, 2019","Saturday, October 12, 2019",8,سوال کلی تبلیغ‌کننده
17696,"Saturday, October 12, 2019","Saturday, October 12, 2019",8,سوال کلی تبلیغ‌کننده
17569,"Saturday, October 12, 2019","Saturday, October 12, 2019",8,سوال کلی تبلیغ‌کننده
7947,"Saturday, October 12, 2019","Saturday, October 12, 2019",8,مالی و صدور فاکتور
15576,"Saturday, October 12, 2019","Saturday, October 12, 2019",8,سوال کلی تبلیغ‌کننده
4618,"Friday, October 11, 2019","Friday, October 11, 2019",8,سوال کلی تبلیغ‌کننده
17720,"Friday, October 11, 2019","Friday, October 11, 2019",8,سوال کلی تبلیغ‌کننده
17736,"Thursday, October 10, 2019","Thursday, October 10, 2019",8,سوال کلی تبلیغ‌کننده
16752,"Thursday, October 10, 2019","Thursday, October 10, 2019",8,گزارش مشکل در پنل تبلیغ‌کننده
8532,"Thursday, October 10, 2019","Thursday, October 10, 2019",8,سوال کلی تبلیغ‌کننده
17543,"Thursday, October 10, 2019","Thursday, October 10, 2019",8,سوال کلی تبلیغ‌کننده
17543,"Thursday, October 10, 2019","Thursday, October 10, 2019",8,سوال کلی تبلیغ‌کننده
17543,"Thursday, October 10, 2019","Thursday, October 10, 2019",8,سوال کلی تبلیغ‌کننده
17635,"Thursday, October 10, 2019","Thursday, October 10, 2019",8,سوال کلی تبلیغ‌کننده
17675,"Thursday, October 10, 2019","Thursday, October 10, 2019",8,سوال کلی تبلیغ‌کننده
2998,"Wednesday, October 9, 2019","Thursday, October 10, 2019",8,مالی و صدور فاکتور
17198,"Wednesday, October 9, 2019","Thursday, October 10, 2019",8,سوال کلی تبلیغ‌کننده
1550,"Wednesday, October 9, 2019","Thursday, October 10, 2019",8,سوال کلی تبلیغ‌کننده
17646,"Wednesday, October 9, 2019","Wednesday, October 9, 2019",8,سوال کلی تبلیغ‌کننده
17646,"Wednesday, October 9, 2019","Wednesday, October 9, 2019",8,سوال کلی تبلیغ‌کننده
17366,"Wednesday, October 9, 2019","Wednesday, October 9, 2019",8,سوال و مشکل فنی در مورد کمپین‌ها 
16554,"Wednesday, October 9, 2019","Wednesday, October 9, 2019",8,سوال کلی تبلیغ‌کننده
10175,"Tuesday, October 8, 2019","Wednesday, October 9, 2019",8,سوال کلی تبلیغ‌کننده
17583,"Tuesday, October 8, 2019","Wednesday, October 9, 2019",8,مالی و صدور فاکتور
8532,"Tuesday, October 8, 2019","Wednesday, October 9, 2019",8,سوال و مشکل فنی در مورد کمپین‌ها 
17566,"Tuesday, October 8, 2019","Tuesday, October 8, 2019",8,سوال کلی تبلیغ‌کننده
9377,"Tuesday, October 8, 2019","Tuesday, October 8, 2019",8,مالی و صدور فاکتور
14760,"Monday, October 7, 2019","Tuesday, October 8, 2019",8,سوال کلی تبلیغ‌کننده
12791,"Tuesday, October 8, 2019","Tuesday, October 8, 2019",8,سوال کلی تبلیغ‌کننده
14968,"Tuesday, October 8, 2019","Tuesday, October 8, 2019",8,سوال کلی تبلیغ‌کننده
14411,"Tuesday, October 8, 2019","Tuesday, October 8, 2019",8,گزارش مشکل در پنل تبلیغ‌کننده
13206,"Tuesday, October 8, 2019","Tuesday, October 8, 2019",8,سوال کلی تبلیغ‌کننده
4408,"Tuesday, October 8, 2019","Tuesday, October 8, 2019",8,مالی و صدور فاکتور
15156,"Tuesday, October 8, 2019","Tuesday, October 8, 2019",8,سوال کلی تبلیغ‌کننده
10723,"Tuesday, October 8, 2019","Tuesday, October 8, 2019",8,سوال کلی تبلیغ‌کننده
10723,"Tuesday, October 8, 2019","Tuesday, October 8, 2019",8,سوال کلی تبلیغ‌کننده
12994,"Tuesday, October 8, 2019","Tuesday, October 8, 2019",8,سوال و مشکل فنی در مورد کمپین‌ها 
17609,"Monday, October 7, 2019","Tuesday, October 8, 2019",8,سوال و مشکل فنی در مورد کمپین‌ها 
5139,"Monday, October 7, 2019","Tuesday, October 8, 2019",8,مالی و صدور فاکتور
12185,"Monday, October 7, 2019","Monday, October 7, 2019",8,سوال کلی تبلیغ‌کننده
14113,"Monday, October 7, 2019","Monday, October 7, 2019",8,سوال و مشکل فنی در مورد کمپین‌ها 
16975,"Sunday, October 6, 2019","Sunday, October 6, 2019",8,گزارش مشکل در پنل تبلیغ‌کننده
17034,"Sunday, October 6, 2019","Sunday, October 6, 2019",8,سوال کلی تبلیغ‌کننده
17543,"Sunday, October 6, 2019","Sunday, October 6, 2019",8,سوال کلی تبلیغ‌کننده
17538,"Sunday, October 6, 2019","Sunday, October 6, 2019",8,سوال کلی تبلیغ‌کننده
3757,"Sunday, October 6, 2019","Sunday, October 6, 2019",8,سوال و مشکل فنی در مورد کمپین‌ها 
7250,"Sunday, October 6, 2019","Sunday, October 6, 2019",8,گزارش مشکل در پنل تبلیغ‌کننده
17544,"Sunday, October 6, 2019","Sunday, October 6, 2019",8,سوال کلی تبلیغ‌کننده
11809,"Sunday, October 6, 2019","Sunday, October 6, 2019",8,سوال کلی تبلیغ‌کننده
15616,"Sunday, October 6, 2019","Sunday, October 6, 2019",8,درخواست تایید کمپین‌ 
1454,"Sunday, October 6, 2019","Sunday, October 6, 2019",8,مالی و صدور فاکتور
17283,"Sunday, October 6, 2019","Sunday, October 6, 2019",8,سوال کلی تبلیغ‌کننده
17410,"Sunday, October 6, 2019","Sunday, October 6, 2019",8,گزارش مشکل در پنل تبلیغ‌کننده
14827,"Sunday, October 6, 2019","Sunday, October 6, 2019",8,سوال کلی تبلیغ‌کننده
9097,"Sunday, October 6, 2019","Sunday, October 6, 2019",8,سوال و مشکل فنی در مورد کمپین‌ها 
5052,"Sunday, October 6, 2019","Sunday, October 6, 2019",8,سوال و مشکل فنی در مورد کمپین‌ها 
1568,"Saturday, October 5, 2019","Saturday, October 5, 2019",8,مالی و صدور فاکتور
17492,"Saturday, October 5, 2019","Saturday, October 5, 2019",8,سوال کلی تبلیغ‌کننده
15576,"Saturday, October 5, 2019","Saturday, October 5, 2019",8,مالی و صدور فاکتور
9722,"Saturday, October 5, 2019","Saturday, October 5, 2019",11,سوال کلی تبلیغ‌کننده
17277,"Saturday, October 5, 2019","Saturday, October 5, 2019",8,گزارش مشکل در پنل تبلیغ‌کننده
17142,"Thursday, October 3, 2019","Friday, October 4, 2019",8,سوال کلی تبلیغ‌کننده
16554,"Saturday, September 28, 2019","Thursday, October 3, 2019",8,سوال کلی تبلیغ‌کننده
13990,"Thursday, October 3, 2019","Thursday, October 3, 2019",8,سوال کلی تبلیغ‌کننده
17280,"Thursday, October 3, 2019","Thursday, October 3, 2019",8,سوال کلی تبلیغ‌کننده
16496,"Wednesday, October 2, 2019","Thursday, October 3, 2019",8,سوال کلی تبلیغ‌کننده
3752,"Wednesday, October 2, 2019","Thursday, October 3, 2019",8,مالی و صدور فاکتور
17340,"Wednesday, October 2, 2019","Wednesday, October 2, 2019",8,سوال کلی تبلیغ‌کننده
17283,"Wednesday, October 2, 2019","Wednesday, October 2, 2019",8,سوال کلی تبلیغ‌کننده
14827,"Wednesday, October 2, 2019","Wednesday, October 2, 2019",8,گزارش مشکل در پنل تبلیغ‌کننده
17165,"Wednesday, October 2, 2019","Wednesday, October 2, 2019",8,سوال کلی تبلیغ‌کننده
15452,"Wednesday, October 2, 2019","Wednesday, October 2, 2019",8,مالی و صدور فاکتور
7749,"Tuesday, October 1, 2019","Tuesday, October 1, 2019",8,سوال و مشکل فنی در مورد کمپین‌ها 
13990,"Tuesday, October 1, 2019","Tuesday, October 1, 2019",8,گزارش مشکل در پنل تبلیغ‌کننده
3103,"Tuesday, October 1, 2019","Tuesday, October 1, 2019",8,سوال کلی تبلیغ‌کننده
17283,"Tuesday, October 1, 2019","Tuesday, October 1, 2019",8,گزارش مشکل در پنل تبلیغ‌کننده
3378,"Monday, September 30, 2019","Tuesday, October 1, 2019",8,سوال کلی تبلیغ‌کننده
3776,"Monday, September 30, 2019","Tuesday, October 1, 2019",8,سوال و مشکل فنی در مورد کمپین‌ها 
17261,"Monday, September 30, 2019","Tuesday, October 1, 2019",8,سوال کلی تبلیغ‌کننده
16587,"Monday, September 30, 2019","Monday, September 30, 2019",8,سوال کلی تبلیغ‌کننده
4702,"Monday, September 30, 2019","Monday, September 30, 2019",8,سوال کلی تبلیغ‌کننده
8183,"Sunday, September 29, 2019","Sunday, September 29, 2019",8,گزارش مشکل در پنل تبلیغ‌کننده
7496,"Sunday, September 29, 2019","Sunday, September 29, 2019",8,سوال کلی تبلیغ‌کننده
4212,"Sunday, September 29, 2019","Sunday, September 29, 2019",8,سوال کلی تبلیغ‌کننده
17207,"Sunday, September 29, 2019","Sunday, September 29, 2019",8,سوال کلی تبلیغ‌کننده
11661,"Sunday, September 29, 2019","Sunday, September 29, 2019",8,سوال کلی تبلیغ‌کننده
2063,"Sunday, September 29, 2019","Sunday, September 29, 2019",8,مالی و صدور فاکتور
16324,"Sunday, September 29, 2019","Sunday, September 29, 2019",8,سوال کلی تبلیغ‌کننده
17192,"Saturday, September 28, 2019","Sunday, September 29, 2019",8,سوال کلی تبلیغ‌کننده
480,"Saturday, September 28, 2019","Saturday, September 28, 2019",8,سوال کلی تبلیغ‌کننده
17104,"Saturday, September 28, 2019","Saturday, September 28, 2019",8,سوال کلی تبلیغ‌کننده
17167,"Saturday, September 28, 2019","Saturday, September 28, 2019",8,سوال کلی تبلیغ‌کننده
7196,"Saturday, September 28, 2019","Saturday, September 28, 2019",8,سوال کلی تبلیغ‌کننده
17164,"Saturday, September 28, 2019","Saturday, September 28, 2019",8,سوال کلی تبلیغ‌کننده
17132,"Saturday, September 28, 2019","Saturday, September 28, 2019",8,سوال کلی تبلیغ‌کننده
882,"Friday, September 27, 2019","Friday, September 27, 2019",8,گزارش مشکل در پنل تبلیغ‌کننده
16762,"Friday, September 27, 2019","Friday, September 27, 2019",8,مالی و صدور فاکتور
17072,"Thursday, September 26, 2019","Friday, September 27, 2019",8,سوال کلی تبلیغ‌کننده
16587,"Thursday, September 26, 2019","Friday, September 27, 2019",8,سوال کلی تبلیغ‌کننده
16587,"Thursday, September 26, 2019","Friday, September 27, 2019",8,سوال کلی تبلیغ‌کننده
1356,"Thursday, September 26, 2019","Friday, September 27, 2019",8,درخواست تایید کمپین‌ 
16071,"Thursday, September 26, 2019","Thursday, September 26, 2019",8,درخواست تایید کمپین‌ 
17091,"Thursday, September 26, 2019","Thursday, September 26, 2019",8,سوال کلی تبلیغ‌کننده
14760,"Thursday, September 26, 2019","Thursday, September 26, 2019",8,گزارش مشکل در پنل تبلیغ‌کننده
8630,"Wednesday, September 25, 2019","Wednesday, September 25, 2019",8,مالی و صدور فاکتور
6267,"Wednesday, September 25, 2019","Wednesday, September 25, 2019",8,گزارش مشکل در پنل تبلیغ‌کننده
16275,"Tuesday, September 24, 2019","Wednesday, September 25, 2019",8,سوال کلی تبلیغ‌کننده
17021,"Tuesday, September 24, 2019","Tuesday, September 24, 2019",8,سوال کلی تبلیغ‌کننده
1350,"Tuesday, September 24, 2019","Tuesday, September 24, 2019",8,سوال کلی تبلیغ‌کننده
6083,"Tuesday, September 24, 2019","Tuesday, September 24, 2019",8,سوال و مشکل فنی در مورد کمپین‌ها 
16426,"Tuesday, September 24, 2019","Tuesday, September 24, 2019",8,مالی و صدور فاکتور
17003,"Tuesday, September 24, 2019","Tuesday, September 24, 2019",8,سوال کلی تبلیغ‌کننده
16069,"Monday, September 23, 2019","Tuesday, September 24, 2019",8,گزارش مشکل در پنل تبلیغ‌کننده
11993,"Monday, September 23, 2019","Tuesday, September 24, 2019",8,سوال کلی تبلیغ‌کننده
16496,"Monday, September 23, 2019","Monday, September 23, 2019",8,سوال کلی تبلیغ‌کننده
16782,"Sunday, September 22, 2019","Sunday, September 22, 2019",8,سوال کلی تبلیغ‌کننده
7496,"Sunday, September 22, 2019","Sunday, September 22, 2019",8,سوال کلی تبلیغ‌کننده
15618,"Sunday, September 22, 2019","Sunday, September 22, 2019",8,سوال کلی تبلیغ‌کننده
10775,"Sunday, September 22, 2019","Sunday, September 22, 2019",8,سوال کلی تبلیغ‌کننده
16726,"Saturday, September 21, 2019","Saturday, September 21, 2019",8,سوال کلی تبلیغ‌کننده
5569,"Saturday, September 21, 2019","Saturday, September 21, 2019",8,سوال کلی تبلیغ‌کننده
14760,"Saturday, September 21, 2019","Saturday, September 21, 2019",8,گزارش مشکل در پنل تبلیغ‌کننده
8877,"Saturday, September 21, 2019","Saturday, September 21, 2019",8,سوال کلی تبلیغ‌کننده
14461,"Saturday, September 21, 2019","Saturday, September 21, 2019",8,مالی و صدور فاکتور
16148,"Saturday, September 21, 2019","Saturday, September 21, 2019",8,سوال کلی تبلیغ‌کننده
15178,"Friday, September 20, 2019","Saturday, September 21, 2019",8,سوال کلی تبلیغ‌کننده
16703,"Friday, September 20, 2019","Saturday, September 21, 2019",8,سوال کلی تبلیغ‌کننده
15023,"Friday, September 20, 2019","Friday, September 20, 2019",8,سوال کلی تبلیغ‌کننده
16131,"Friday, September 20, 2019","Friday, September 20, 2019",8,سوال کلی تبلیغ‌کننده
16681,"Thursday, September 19, 2019","Thursday, September 19, 2019",8,سوال کلی تبلیغ‌کننده
960,"Thursday, September 19, 2019","Thursday, September 19, 2019",8,سوال کلی تبلیغ‌کننده
16324,"Thursday, September 19, 2019","Thursday, September 19, 2019",8,درخواست تایید کمپین‌ 
11993,"Wednesday, September 18, 2019","Thursday, September 19, 2019",8,مالی و صدور فاکتور
7810,"Wednesday, September 18, 2019","Wednesday, September 18, 2019",8,سوال کلی تبلیغ‌کننده
14827,"Wednesday, September 18, 2019","Wednesday, September 18, 2019",8,سوال کلی تبلیغ‌کننده
15493,"Wednesday, September 18, 2019","Wednesday, September 18, 2019",8,سوال و مشکل فنی در مورد کمپین‌ها 
15493,"Wednesday, September 18, 2019","Wednesday, September 18, 2019",8,سوال و مشکل فنی در مورد کمپین‌ها 
15222,"Wednesday, September 18, 2019","Wednesday, September 18, 2019",8,مالی و صدور فاکتور
16587,"Tuesday, September 17, 2019","Tuesday, September 17, 2019",8,سوال کلی تبلیغ‌کننده
4596,"Tuesday, September 17, 2019","Tuesday, September 17, 2019",8,سوال کلی تبلیغ‌کننده
16223,"Tuesday, September 17, 2019","Tuesday, September 17, 2019",8,مالی و صدور فاکتور
16164,"Tuesday, September 17, 2019","Tuesday, September 17, 2019",8,سوال کلی تبلیغ‌کننده
13550,"Tuesday, September 17, 2019","Tuesday, September 17, 2019",8,سوال کلی تبلیغ‌کننده
4917,"Tuesday, September 17, 2019","Tuesday, September 17, 2019",8,سوال و مشکل فنی در مورد کمپین‌ها 
1494,"Tuesday, September 17, 2019","Tuesday, September 17, 2019",8,مالی و صدور فاکتور
9831,"Tuesday, September 17, 2019","Tuesday, September 17, 2019",8,سوال کلی تبلیغ‌کننده
16357,"Tuesday, September 17, 2019","Tuesday, September 17, 2019",8,سوال کلی تبلیغ‌کننده
1267,"Monday, September 16, 2019","Tuesday, September 17, 2019",8,سوال کلی تبلیغ‌کننده
12980,"Sunday, September 15, 2019","Monday, September 16, 2019",11,سوال کلی تبلیغ‌کننده
14508,"Monday, September 16, 2019","Monday, September 16, 2019",9,سوال کلی تبلیغ‌کننده
14366,"Monday, September 16, 2019","Monday, September 16, 2019",8,سوال کلی تبلیغ‌کننده
1267,"Sunday, September 15, 2019","Monday, September 16, 2019",8,سوال کلی تبلیغ‌کننده
13514,"Sunday, September 15, 2019","Sunday, September 15, 2019",8,گزارش مشکل در پنل تبلیغ‌کننده
16478,"Sunday, September 15, 2019","Sunday, September 15, 2019",8,مالی و صدور فاکتور
15580,"Sunday, September 15, 2019","Sunday, September 15, 2019",8,مالی و صدور فاکتور
16457,"Sunday, September 15, 2019","Sunday, September 15, 2019",8,سوال کلی تبلیغ‌کننده
16213,"Sunday, September 15, 2019","Sunday, September 15, 2019",8,مالی و صدور فاکتور
2843,"Saturday, September 14, 2019","Sunday, September 15, 2019",8,سوال کلی تبلیغ‌کننده
16006,"Sunday, September 15, 2019","Sunday, September 15, 2019",8,سوال کلی تبلیغ‌کننده
15637,"Saturday, September 14, 2019","Saturday, September 14, 2019",8,مالی و صدور فاکتور
8644,"Saturday, September 14, 2019","Saturday, September 14, 2019",8,سوال کلی تبلیغ‌کننده
14508,"Saturday, September 14, 2019","Saturday, September 14, 2019",8,مالی و صدور فاکتور
15858,"Saturday, September 14, 2019","Saturday, September 14, 2019",8,گزارش مشکل در پنل تبلیغ‌کننده
15769,"Saturday, September 14, 2019","Saturday, September 14, 2019",8,سوال کلی تبلیغ‌کننده
9535,"Friday, September 13, 2019","Friday, September 13, 2019",8,سوال کلی تبلیغ‌کننده
16262,"Wednesday, September 11, 2019","Friday, September 13, 2019",8,گزارش مشکل در پنل تبلیغ‌کننده
10613,"Thursday, September 12, 2019","Friday, September 13, 2019",8,سوال کلی تبلیغ‌کننده
8644,"Wednesday, September 11, 2019","Wednesday, September 11, 2019",8,سوال کلی تبلیغ‌کننده
19,"Wednesday, September 11, 2019","Wednesday, September 11, 2019",8,سوال و مشکل فنی در مورد کمپین‌ها 
15637,"Wednesday, September 11, 2019","Wednesday, September 11, 2019",8,مالی و صدور فاکتور
14505,"Wednesday, September 11, 2019","Wednesday, September 11, 2019",8,سوال و مشکل فنی در مورد کمپین‌ها 
2921,"Tuesday, September 10, 2019","Wednesday, September 11, 2019",8,سوال کلی تبلیغ‌کننده
16293,"Tuesday, September 10, 2019","Tuesday, September 10, 2019",8,سوال و مشکل فنی در مورد کمپین‌ها 
